Sheet Title	Cell	Format ID
INCLUDE_Portal_V1_LinkML_Schema_Schema	B3	3
INCLUDE_Portal_V1_LinkML_Schema_Prefixes	B3	4
INCLUDE_Portal_V1_LinkML_Schema_Prefixes	B4	5
INCLUDE_Portal_V1_LinkML_Schema_Classes_Slots	H1	6
INCLUDE_Portal_V1_LinkML_Schema_Classes_Slots	H2	6
INCLUDE_Portal_V1_LinkML_Schema_Classes_Slots	H3	6
INCLUDE_Portal_V1_LinkML_Schema_Classes_Slots	H4	6
INCLUDE_Portal_V1_LinkML_Schema_Classes_Slots	H5	6
INCLUDE_Portal_V1_LinkML_Schema_Classes_Slots	H6	6
INCLUDE_Portal_V1_LinkML_Schema_Classes_Slots	H7	6
INCLUDE_Portal_V1_LinkML_Schema_Classes_Slots	H8	6
INCLUDE_Portal_V1_LinkML_Schema_Classes_Slots	H9	6
INCLUDE_Portal_V1_LinkML_Schema_Classes_Slots	H10	6
INCLUDE_Portal_V1_LinkML_Schema_Classes_Slots	H11	6
INCLUDE_Portal_V1_LinkML_Schema_Classes_Slots	H12	6
INCLUDE_Portal_V1_LinkML_Schema_Classes_Slots	H13	6
INCLUDE_Portal_V1_LinkML_Schema_Classes_Slots	H14	6
INCLUDE_Portal_V1_LinkML_Schema_Classes_Slots	H15	6
INCLUDE_Portal_V1_LinkML_Schema_Classes_Slots	H16	6
INCLUDE_Portal_V1_LinkML_Schema_Classes_Slots	H17	6
INCLUDE_Portal_V1_LinkML_Schema_Classes_Slots	H18	6
INCLUDE_Portal_V1_LinkML_Schema_Classes_Slots	H19	6
INCLUDE_Portal_V1_LinkML_Schema_Classes_Slots	H20	6
INCLUDE_Portal_V1_LinkML_Schema_Classes_Slots	H21	6
INCLUDE_Portal_V1_LinkML_Schema_Classes_Slots	H22	6
INCLUDE_Portal_V1_LinkML_Schema_Classes_Slots	H23	6
INCLUDE_Portal_V1_LinkML_Schema_Classes_Slots	H24	6
INCLUDE_Portal_V1_LinkML_Schema_Classes_Slots	H25	6
INCLUDE_Portal_V1_LinkML_Schema_Classes_Slots	H26	6
INCLUDE_Portal_V1_LinkML_Schema_Classes_Slots	H27	6
INCLUDE_Portal_V1_LinkML_Schema_Classes_Slots	H28	6
INCLUDE_Portal_V1_LinkML_Schema_Classes_Slots	H29	6
INCLUDE_Portal_V1_LinkML_Schema_Classes_Slots	H30	6
INCLUDE_Portal_V1_LinkML_Schema_Classes_Slots	H31	6
INCLUDE_Portal_V1_LinkML_Schema_Classes_Slots	H32	6
INCLUDE_Portal_V1_LinkML_Schema_Classes_Slots	H33	6
INCLUDE_Portal_V1_LinkML_Schema_Classes_Slots	H34	6
INCLUDE_Portal_V1_LinkML_Schema_Classes_Slots	H35	6
INCLUDE_Portal_V1_LinkML_Schema_Classes_Slots	H36	6
INCLUDE_Portal_V1_LinkML_Schema_Classes_Slots	H37	6
INCLUDE_Portal_V1_LinkML_Schema_Classes_Slots	H38	6
INCLUDE_Portal_V1_LinkML_Schema_Classes_Slots	H39	6
INCLUDE_Portal_V1_LinkML_Schema_Classes_Slots	H40	6
INCLUDE_Portal_V1_LinkML_Schema_Classes_Slots	H41	6
INCLUDE_Portal_V1_LinkML_Schema_Classes_Slots	H42	6
INCLUDE_Portal_V1_LinkML_Schema_Classes_Slots	H43	6
INCLUDE_Portal_V1_LinkML_Schema_Classes_Slots	H44	6
INCLUDE_Portal_V1_LinkML_Schema_Classes_Slots	H45	6
INCLUDE_Portal_V1_LinkML_Schema_Classes_Slots	H46	6
INCLUDE_Portal_V1_LinkML_Schema_Classes_Slots	H47	6
INCLUDE_Portal_V1_LinkML_Schema_Classes_Slots	H48	6
INCLUDE_Portal_V1_LinkML_Schema_Classes_Slots	H49	6
INCLUDE_Portal_V1_LinkML_Schema_Classes_Slots	H50	6
INCLUDE_Portal_V1_LinkML_Schema_Classes_Slots	H51	6
INCLUDE_Portal_V1_LinkML_Schema_Classes_Slots	H52	6
INCLUDE_Portal_V1_LinkML_Schema_Classes_Slots	H53	6
INCLUDE_Portal_V1_LinkML_Schema_Classes_Slots	H54	6
INCLUDE_Portal_V1_LinkML_Schema_Classes_Slots	H55	6
INCLUDE_Portal_V1_LinkML_Schema_Classes_Slots	H56	6
INCLUDE_Portal_V1_LinkML_Schema_Classes_Slots	H57	6
INCLUDE_Portal_V1_LinkML_Schema_Classes_Slots	H58	6
INCLUDE_Portal_V1_LinkML_Schema_Classes_Slots	H59	6
INCLUDE_Portal_V1_LinkML_Schema_Classes_Slots	H60	6
INCLUDE_Portal_V1_LinkML_Schema_Classes_Slots	H61	6
INCLUDE_Portal_V1_LinkML_Schema_Classes_Slots	H62	6
INCLUDE_Portal_V1_LinkML_Schema_Classes_Slots	H63	6
INCLUDE_Portal_V1_LinkML_Schema_Classes_Slots	H64	6
INCLUDE_Portal_V1_LinkML_Schema_Classes_Slots	H65	6
INCLUDE_Portal_V1_LinkML_Schema_Classes_Slots	H66	6
INCLUDE_Portal_V1_LinkML_Schema_Classes_Slots	H67	6
INCLUDE_Portal_V1_LinkML_Schema_Classes_Slots	H68	6
INCLUDE_Portal_V1_LinkML_Schema_Classes_Slots	H69	6
INCLUDE_Portal_V1_LinkML_Schema_Classes_Slots	H70	6
INCLUDE_Portal_V1_LinkML_Schema_Classes_Slots	H71	6
INCLUDE_Portal_V1_LinkML_Schema_Classes_Slots	H72	6
INCLUDE_Portal_V1_LinkML_Schema_Classes_Slots	H73	6
INCLUDE_Portal_V1_LinkML_Schema_Classes_Slots	H74	6
INCLUDE_Portal_V1_LinkML_Schema_Classes_Slots	H75	6
INCLUDE_Portal_V1_LinkML_Schema_Classes_Slots	H76	6
INCLUDE_Portal_V1_LinkML_Schema_Classes_Slots	H77	6
INCLUDE_Portal_V1_LinkML_Schema_Classes_Slots	H78	6
INCLUDE_Portal_V1_LinkML_Schema_Classes_Slots	H79	6
INCLUDE_Portal_V1_LinkML_Schema_Classes_Slots	H80	6
INCLUDE_Portal_V1_LinkML_Schema_Classes_Slots	H81	6
INCLUDE_Portal_V1_LinkML_Schema_Classes_Slots	H82	6
INCLUDE_Portal_V1_LinkML_Schema_Classes_Slots	H83	6
INCLUDE_Portal_V1_LinkML_Schema_Classes_Slots	H84	6
INCLUDE_Portal_V1_LinkML_Schema_Classes_Slots	H85	6
INCLUDE_Portal_V1_LinkML_Schema_Classes_Slots	H86	6
INCLUDE_Portal_V1_LinkML_Schema_Classes_Slots	H87	6
INCLUDE_Portal_V1_LinkML_Schema_Classes_Slots	H88	6
INCLUDE_Portal_V1_LinkML_Schema_Classes_Slots	H89	6
INCLUDE_Portal_V1_LinkML_Schema_Classes_Slots	H90	6
INCLUDE_Portal_V1_LinkML_Schema_Classes_Slots	H91	6
INCLUDE_Portal_V1_LinkML_Schema_Classes_Slots	H92	6
INCLUDE_Portal_V1_LinkML_Schema_Classes_Slots	H93	6
INCLUDE_Portal_V1_LinkML_Schema_Classes_Slots	H94	6
INCLUDE_Portal_V1_LinkML_Schema_Classes_Slots	H95	6
INCLUDE_Portal_V1_LinkML_Schema_Classes_Slots	H96	6
INCLUDE_Portal_V1_LinkML_Schema_Classes_Slots	H97	6
INCLUDE_Portal_V1_LinkML_Schema_Classes_Slots	H98	6
INCLUDE_Portal_V1_LinkML_Schema_Classes_Slots	H99	6
INCLUDE_Portal_V1_LinkML_Schema_Classes_Slots	H100	6
INCLUDE_Portal_V1_LinkML_Schema_Classes_Slots	H101	6
INCLUDE_Portal_V1_LinkML_Schema_Classes_Slots	H102	6
INCLUDE_Portal_V1_LinkML_Schema_Classes_Slots	H103	6
INCLUDE_Portal_V1_LinkML_Schema_Classes_Slots	H104	6
INCLUDE_Portal_V1_LinkML_Schema_Classes_Slots	H105	6
INCLUDE_Portal_V1_LinkML_Schema_Classes_Slots	H106	6
INCLUDE_Portal_V1_LinkML_Schema_Classes_Slots	H107	6
INCLUDE_Portal_V1_LinkML_Schema_Classes_Slots	H108	6
INCLUDE_Portal_V1_LinkML_Schema_Classes_Slots	H109	6
INCLUDE_Portal_V1_LinkML_Schema_Classes_Slots	H110	6
INCLUDE_Portal_V1_LinkML_Schema_Classes_Slots	H111	6
INCLUDE_Portal_V1_LinkML_Schema_Classes_Slots	H112	6
INCLUDE_Portal_V1_LinkML_Schema_Classes_Slots	H113	6
INCLUDE_Portal_V1_LinkML_Schema_Classes_Slots	H114	6
INCLUDE_Portal_V1_LinkML_Schema_Classes_Slots	H115	6
INCLUDE_Portal_V1_LinkML_Schema_Classes_Slots	H116	6
INCLUDE_Portal_V1_LinkML_Schema_Classes_Slots	H117	6
INCLUDE_Portal_V1_LinkML_Schema_Classes_Slots	H118	6
INCLUDE_Portal_V1_LinkML_Schema_Classes_Slots	H119	6
INCLUDE_Portal_V1_LinkML_Schema_Classes_Slots	H120	6
INCLUDE_Portal_V1_LinkML_Schema_Classes_Slots	H121	6
INCLUDE_Portal_V1_LinkML_Schema_Classes_Slots	H122	6
INCLUDE_Portal_V1_LinkML_Schema_Classes_Slots	H123	6
INCLUDE_Portal_V1_LinkML_Schema_Classes_Slots	H124	6
INCLUDE_Portal_V1_LinkML_Schema_Classes_Slots	H125	6
INCLUDE_Portal_V1_LinkML_Schema_Classes_Slots	H126	6
INCLUDE_Portal_V1_LinkML_Schema_Classes_Slots	H127	6
INCLUDE_Portal_V1_LinkML_Schema_Classes_Slots	H128	6
INCLUDE_Portal_V1_LinkML_Schema_Classes_Slots	H129	6
INCLUDE_Portal_V1_LinkML_Schema_Classes_Slots	H130	6
INCLUDE_Portal_V1_LinkML_Schema_Classes_Slots	H131	6
INCLUDE_Portal_V1_LinkML_Schema_Classes_Slots	H132	6
INCLUDE_Portal_V1_LinkML_Schema_Classes_Slots	H133	6
INCLUDE_Portal_V1_LinkML_Schema_Classes_Slots	H134	6
INCLUDE_Portal_V1_LinkML_Schema_Classes_Slots	H135	6
INCLUDE_Portal_V1_LinkML_Schema_Classes_Slots	H136	6
INCLUDE_Portal_V1_LinkML_Schema_Classes_Slots	H137	6
INCLUDE_Portal_V1_LinkML_Schema_Classes_Slots	H138	6
INCLUDE_Portal_V1_LinkML_Schema_Classes_Slots	H139	6
INCLUDE_Portal_V1_LinkML_Schema_Classes_Slots	H140	6
INCLUDE_Portal_V1_LinkML_Schema_Classes_Slots	H141	6
INCLUDE_Portal_V1_LinkML_Schema_Classes_Slots	H142	6
INCLUDE_Portal_V1_LinkML_Schema_Classes_Slots	H143	6
INCLUDE_Portal_V1_LinkML_Schema_Classes_Slots	H144	6
INCLUDE_Portal_V1_LinkML_Schema_Classes_Slots	H145	6
INCLUDE_Portal_V1_LinkML_Schema_Classes_Slots	H146	6
INCLUDE_Portal_V1_LinkML_Schema_Classes_Slots	H147	6
INCLUDE_Portal_V1_LinkML_Schema_Classes_Slots	H148	6
INCLUDE_Portal_V1_LinkML_Schema_Classes_Slots	H149	6
INCLUDE_Portal_V1_LinkML_Schema_Classes_Slots	H150	6
INCLUDE_Portal_V1_LinkML_Schema_Classes_Slots	H151	6
INCLUDE_Portal_V1_LinkML_Schema_Classes_Slots	H152	6
INCLUDE_Portal_V1_LinkML_Schema_Classes_Slots	H153	6
INCLUDE_Portal_V1_LinkML_Schema_Classes_Slots	H154	6
INCLUDE_Portal_V1_LinkML_Schema_Classes_Slots	H155	6
INCLUDE_Portal_V1_LinkML_Schema_Classes_Slots	H156	6
INCLUDE_Portal_V1_LinkML_Schema_Classes_Slots	H157	6
INCLUDE_Portal_V1_LinkML_Schema_Classes_Slots	H158	6
INCLUDE_Portal_V1_LinkML_Schema_Classes_Slots	H159	6
INCLUDE_Portal_V1_LinkML_Schema_Classes_Slots	H160	6
INCLUDE_Portal_V1_LinkML_Schema_Classes_Slots	H161	6
INCLUDE_Portal_V1_LinkML_Schema_Classes_Slots	H162	6
INCLUDE_Portal_V1_LinkML_Schema_Classes_Slots	H163	6
INCLUDE_Portal_V1_LinkML_Schema_Classes_Slots	H164	6
INCLUDE_Portal_V1_LinkML_Schema_Classes_Slots	H165	6
INCLUDE_Portal_V1_LinkML_Schema_Classes_Slots	H166	6
INCLUDE_Portal_V1_LinkML_Schema_Classes_Slots	H167	6
INCLUDE_Portal_V1_LinkML_Schema_Classes_Slots	H168	6
INCLUDE_Portal_V1_LinkML_Schema_Classes_Slots	H169	6
INCLUDE_Portal_V1_LinkML_Schema_Classes_Slots	H170	6
INCLUDE_Portal_V1_LinkML_Schema_Classes_Slots	H171	6
INCLUDE_Portal_V1_LinkML_Schema_Classes_Slots	H172	6
INCLUDE_Portal_V1_LinkML_Schema_Classes_Slots	H173	6
INCLUDE_Portal_V1_LinkML_Schema_Classes_Slots	H174	6
INCLUDE_Portal_V1_LinkML_Schema_Classes_Slots	H175	6
INCLUDE_Portal_V1_LinkML_Schema_Classes_Slots	H176	6
INCLUDE_Portal_V1_LinkML_Schema_Classes_Slots	H177	6
INCLUDE_Portal_V1_LinkML_Schema_Classes_Slots	H178	6
INCLUDE_Portal_V1_LinkML_Schema_Classes_Slots	H179	6
INCLUDE_Portal_V1_LinkML_Schema_Classes_Slots	H180	6
INCLUDE_Portal_V1_LinkML_Schema_Classes_Slots	H181	6
INCLUDE_Portal_V1_LinkML_Schema_Classes_Slots	H182	6
INCLUDE_Portal_V1_LinkML_Schema_Classes_Slots	H183	6
INCLUDE_Portal_V1_LinkML_Schema_Classes_Slots	H184	6
INCLUDE_Portal_V1_LinkML_Schema_Classes_Slots	H185	6
INCLUDE_Portal_V1_LinkML_Schema_Classes_Slots	H186	6
INCLUDE_Portal_V1_LinkML_Schema_Classes_Slots	H187	6
INCLUDE_Portal_V1_LinkML_Schema_Classes_Slots	H188	6
INCLUDE_Portal_V1_LinkML_Schema_Classes_Slots	H189	6
INCLUDE_Portal_V1_LinkML_Schema_Classes_Slots	H190	6
INCLUDE_Portal_V1_LinkML_Schema_Classes_Slots	H191	6
INCLUDE_Portal_V1_LinkML_Schema_Classes_Slots	H192	6
INCLUDE_Portal_V1_LinkML_Schema_Classes_Slots	H193	6
INCLUDE_Portal_V1_LinkML_Schema_Classes_Slots	H194	6
INCLUDE_Portal_V1_LinkML_Schema_Classes_Slots	H195	6
INCLUDE_Portal_V1_LinkML_Schema_Classes_Slots	H196	6
INCLUDE_Portal_V1_LinkML_Schema_Classes_Slots	H197	6
INCLUDE_Portal_V1_LinkML_Schema_Classes_Slots	H198	6
INCLUDE_Portal_V1_LinkML_Schema_Classes_Slots	H199	6
INCLUDE_Portal_V1_LinkML_Schema_Classes_Slots	H200	6
INCLUDE_Portal_V1_LinkML_Schema_Classes_Slots	H201	6
INCLUDE_Portal_V1_LinkML_Schema_Classes_Slots	H202	6
INCLUDE_Portal_V1_LinkML_Schema_Classes_Slots	H203	6
INCLUDE_Portal_V1_LinkML_Schema_Classes_Slots	H204	6
INCLUDE_Portal_V1_LinkML_Schema_Classes_Slots	H205	6
INCLUDE_Portal_V1_LinkML_Schema_Classes_Slots	H206	6
INCLUDE_Portal_V1_LinkML_Schema_Classes_Slots	H207	6
INCLUDE_Portal_V1_LinkML_Schema_Classes_Slots	H208	6
INCLUDE_Portal_V1_LinkML_Schema_Classes_Slots	H209	6
INCLUDE_Portal_V1_LinkML_Schema_Classes_Slots	H210	6
INCLUDE_Portal_V1_LinkML_Schema_Classes_Slots	H211	6
INCLUDE_Portal_V1_LinkML_Schema_Classes_Slots	H212	6
INCLUDE_Portal_V1_LinkML_Schema_Classes_Slots	H213	6
INCLUDE_Portal_V1_LinkML_Schema_Classes_Slots	H214	6
INCLUDE_Portal_V1_LinkML_Schema_Classes_Slots	H215	6
INCLUDE_Portal_V1_LinkML_Schema_Classes_Slots	H216	6
INCLUDE_Portal_V1_LinkML_Schema_Classes_Slots	H217	6
INCLUDE_Portal_V1_LinkML_Schema_Classes_Slots	H218	6
INCLUDE_Portal_V1_LinkML_Schema_Classes_Slots	H219	6
INCLUDE_Portal_V1_LinkML_Schema_Classes_Slots	H220	6
INCLUDE_Portal_V1_LinkML_Schema_Classes_Slots	H221	6
INCLUDE_Portal_V1_LinkML_Schema_Classes_Slots	H222	6
INCLUDE_Portal_V1_LinkML_Schema_Classes_Slots	H223	6
INCLUDE_Portal_V1_LinkML_Schema_Classes_Slots	H224	6
INCLUDE_Portal_V1_LinkML_Schema_Classes_Slots	H225	6
INCLUDE_Portal_V1_LinkML_Schema_Classes_Slots	H226	6
INCLUDE_Portal_V1_LinkML_Schema_Classes_Slots	H227	6
INCLUDE_Portal_V1_LinkML_Schema_Classes_Slots	H228	6
INCLUDE_Portal_V1_LinkML_Schema_Classes_Slots	H229	6
INCLUDE_Portal_V1_LinkML_Schema_Classes_Slots	H230	6
INCLUDE_Portal_V1_LinkML_Schema_Classes_Slots	H231	6
INCLUDE_Portal_V1_LinkML_Schema_Classes_Slots	H232	6
INCLUDE_Portal_V1_LinkML_Schema_Classes_Slots	H233	6
INCLUDE_Portal_V1_LinkML_Schema_Classes_Slots	H234	6
INCLUDE_Portal_V1_LinkML_Schema_Classes_Slots	H235	6
INCLUDE_Portal_V1_LinkML_Schema_Classes_Slots	H236	6
INCLUDE_Portal_V1_LinkML_Schema_Classes_Slots	H237	6
INCLUDE_Portal_V1_LinkML_Schema_Classes_Slots	H238	6
INCLUDE_Portal_V1_LinkML_Schema_Classes_Slots	H239	6
INCLUDE_Portal_V1_LinkML_Schema_Classes_Slots	H240	6
INCLUDE_Portal_V1_LinkML_Schema_Classes_Slots	H241	6
INCLUDE_Portal_V1_LinkML_Schema_Classes_Slots	H242	6
INCLUDE_Portal_V1_LinkML_Schema_Classes_Slots	H243	6
INCLUDE_Portal_V1_LinkML_Schema_Classes_Slots	H244	6
INCLUDE_Portal_V1_LinkML_Schema_Classes_Slots	H245	6
INCLUDE_Portal_V1_LinkML_Schema_Classes_Slots	H246	6
INCLUDE_Portal_V1_LinkML_Schema_Classes_Slots	H247	6
INCLUDE_Portal_V1_LinkML_Schema_Classes_Slots	H248	6
INCLUDE_Portal_V1_LinkML_Schema_Classes_Slots	H249	6
INCLUDE_Portal_V1_LinkML_Schema_Classes_Slots	H250	6
INCLUDE_Portal_V1_LinkML_Schema_Classes_Slots	H251	6
INCLUDE_Portal_V1_LinkML_Schema_Classes_Slots	H252	6
INCLUDE_Portal_V1_LinkML_Schema_Classes_Slots	H253	6
INCLUDE_Portal_V1_LinkML_Schema_Classes_Slots	H254	6
INCLUDE_Portal_V1_LinkML_Schema_Classes_Slots	H255	6
INCLUDE_Portal_V1_LinkML_Schema_Classes_Slots	H256	6
INCLUDE_Portal_V1_LinkML_Schema_Classes_Slots	H257	6
INCLUDE_Portal_V1_LinkML_Schema_Classes_Slots	H258	6
INCLUDE_Portal_V1_LinkML_Schema_Classes_Slots	H259	6
INCLUDE_Portal_V1_LinkML_Schema_Classes_Slots	H260	6
INCLUDE_Portal_V1_LinkML_Schema_Classes_Slots	H261	6
INCLUDE_Portal_V1_LinkML_Schema_Classes_Slots	H262	6
INCLUDE_Portal_V1_LinkML_Schema_Classes_Slots	H263	6
INCLUDE_Portal_V1_LinkML_Schema_Classes_Slots	H264	6
INCLUDE_Portal_V1_LinkML_Schema_Classes_Slots	H265	6
INCLUDE_Portal_V1_LinkML_Schema_Classes_Slots	H266	6
INCLUDE_Portal_V1_LinkML_Schema_Classes_Slots	H267	6
INCLUDE_Portal_V1_LinkML_Schema_Classes_Slots	H268	6
INCLUDE_Portal_V1_LinkML_Schema_Classes_Slots	H269	6
INCLUDE_Portal_V1_LinkML_Schema_Classes_Slots	H270	6
INCLUDE_Portal_V1_LinkML_Schema_Classes_Slots	H271	6
INCLUDE_Portal_V1_LinkML_Schema_Classes_Slots	H272	6
INCLUDE_Portal_V1_LinkML_Schema_Classes_Slots	H273	6
INCLUDE_Portal_V1_LinkML_Schema_Classes_Slots	H274	6
INCLUDE_Portal_V1_LinkML_Schema_Classes_Slots	H275	6
INCLUDE_Portal_V1_LinkML_Schema_Classes_Slots	H276	6
INCLUDE_Portal_V1_LinkML_Schema_Classes_Slots	H277	6
INCLUDE_Portal_V1_LinkML_Schema_Classes_Slots	H278	6
INCLUDE_Portal_V1_LinkML_Schema_Classes_Slots	H279	6
INCLUDE_Portal_V1_LinkML_Schema_Classes_Slots	H280	6
INCLUDE_Portal_V1_LinkML_Schema_Classes_Slots	H281	6
INCLUDE_Portal_V1_LinkML_Schema_Classes_Slots	H282	6
INCLUDE_Portal_V1_LinkML_Schema_Classes_Slots	H283	6
INCLUDE_Portal_V1_LinkML_Schema_Classes_Slots	H284	6
INCLUDE_Portal_V1_LinkML_Schema_Classes_Slots	H285	6
INCLUDE_Portal_V1_LinkML_Schema_Classes_Slots	H286	6
INCLUDE_Portal_V1_LinkML_Schema_Classes_Slots	H287	6
INCLUDE_Portal_V1_LinkML_Schema_Classes_Slots	H288	6
INCLUDE_Portal_V1_LinkML_Schema_Classes_Slots	H289	6
INCLUDE_Portal_V1_LinkML_Schema_Classes_Slots	H290	6
INCLUDE_Portal_V1_LinkML_Schema_Classes_Slots	H291	6
INCLUDE_Portal_V1_LinkML_Schema_Classes_Slots	H292	6
INCLUDE_Portal_V1_LinkML_Schema_Classes_Slots	H293	6
INCLUDE_Portal_V1_LinkML_Schema_Classes_Slots	H294	6
INCLUDE_Portal_V1_LinkML_Schema_Classes_Slots	H295	6
INCLUDE_Portal_V1_LinkML_Schema_Classes_Slots	H296	6
INCLUDE_Portal_V1_LinkML_Schema_Classes_Slots	H297	6
INCLUDE_Portal_V1_LinkML_Schema_Classes_Slots	H298	6
INCLUDE_Portal_V1_LinkML_Schema_Classes_Slots	H299	6
INCLUDE_Portal_V1_LinkML_Schema_Classes_Slots	H300	6
INCLUDE_Portal_V1_LinkML_Schema_Classes_Slots	H301	6
INCLUDE_Portal_V1_LinkML_Schema_Classes_Slots	H302	6
INCLUDE_Portal_V1_LinkML_Schema_Classes_Slots	H303	6
INCLUDE_Portal_V1_LinkML_Schema_Classes_Slots	H304	6
INCLUDE_Portal_V1_LinkML_Schema_Classes_Slots	H305	6
INCLUDE_Portal_V1_LinkML_Schema_Classes_Slots	H306	6
INCLUDE_Portal_V1_LinkML_Schema_Classes_Slots	H307	6
INCLUDE_Portal_V1_LinkML_Schema_Classes_Slots	H308	6
INCLUDE_Portal_V1_LinkML_Schema_Classes_Slots	H309	6
INCLUDE_Portal_V1_LinkML_Schema_Classes_Slots	H310	6
INCLUDE_Portal_V1_LinkML_Schema_Classes_Slots	H311	6
INCLUDE_Portal_V1_LinkML_Schema_Classes_Slots	H312	6
INCLUDE_Portal_V1_LinkML_Schema_Classes_Slots	H313	6
INCLUDE_Portal_V1_LinkML_Schema_Classes_Slots	H314	6
INCLUDE_Portal_V1_LinkML_Schema_Classes_Slots	H315	6
INCLUDE_Portal_V1_LinkML_Schema_Classes_Slots	H316	6
INCLUDE_Portal_V1_LinkML_Schema_Classes_Slots	H317	6
INCLUDE_Portal_V1_LinkML_Schema_Classes_Slots	H318	6
INCLUDE_Portal_V1_LinkML_Schema_Classes_Slots	H319	6
INCLUDE_Portal_V1_LinkML_Schema_Classes_Slots	H320	6
INCLUDE_Portal_V1_LinkML_Schema_Classes_Slots	H321	6
INCLUDE_Portal_V1_LinkML_Schema_Classes_Slots	H322	6
INCLUDE_Portal_V1_LinkML_Schema_Classes_Slots	H323	6
INCLUDE_Portal_V1_LinkML_Schema_Classes_Slots	H324	6
INCLUDE_Portal_V1_LinkML_Schema_Classes_Slots	H325	6
INCLUDE_Portal_V1_LinkML_Schema_Classes_Slots	H326	6
INCLUDE_Portal_V1_LinkML_Schema_Classes_Slots	H327	6
INCLUDE_Portal_V1_LinkML_Schema_Classes_Slots	H328	6
INCLUDE_Portal_V1_LinkML_Schema_Classes_Slots	H329	6
INCLUDE_Portal_V1_LinkML_Schema_Classes_Slots	H330	6
INCLUDE_Portal_V1_LinkML_Schema_Classes_Slots	H331	6
INCLUDE_Portal_V1_LinkML_Schema_Classes_Slots	H332	6
INCLUDE_Portal_V1_LinkML_Schema_Classes_Slots	H333	6
INCLUDE_Portal_V1_LinkML_Schema_Classes_Slots	H334	6
INCLUDE_Portal_V1_LinkML_Schema_Classes_Slots	H335	6
INCLUDE_Portal_V1_LinkML_Schema_Classes_Slots	H336	6
INCLUDE_Portal_V1_LinkML_Schema_Classes_Slots	H337	6
INCLUDE_Portal_V1_LinkML_Schema_Classes_Slots	H338	6
INCLUDE_Portal_V1_LinkML_Schema_Classes_Slots	H339	6
INCLUDE_Portal_V1_LinkML_Schema_Classes_Slots	H340	6
INCLUDE_Portal_V1_LinkML_Schema_Classes_Slots	H341	6
INCLUDE_Portal_V1_LinkML_Schema_Classes_Slots	H342	6
INCLUDE_Portal_V1_LinkML_Schema_Classes_Slots	H343	6
INCLUDE_Portal_V1_LinkML_Schema_Classes_Slots	H344	6
INCLUDE_Portal_V1_LinkML_Schema_Classes_Slots	H345	6
INCLUDE_Portal_V1_LinkML_Schema_Classes_Slots	H346	6
INCLUDE_Portal_V1_LinkML_Schema_Classes_Slots	H347	6
INCLUDE_Portal_V1_LinkML_Schema_Classes_Slots	H348	6
INCLUDE_Portal_V1_LinkML_Schema_Classes_Slots	H349	6
INCLUDE_Portal_V1_LinkML_Schema_Classes_Slots	H350	6
INCLUDE_Portal_V1_LinkML_Schema_Classes_Slots	H351	6
INCLUDE_Portal_V1_LinkML_Schema_Classes_Slots	H352	6
INCLUDE_Portal_V1_LinkML_Schema_Classes_Slots	H353	6
INCLUDE_Portal_V1_LinkML_Schema_Classes_Slots	H354	6
INCLUDE_Portal_V1_LinkML_Schema_Classes_Slots	H355	6
INCLUDE_Portal_V1_LinkML_Schema_Classes_Slots	H356	6
INCLUDE_Portal_V1_LinkML_Schema_Classes_Slots	H357	6
INCLUDE_Portal_V1_LinkML_Schema_Classes_Slots	H358	6
INCLUDE_Portal_V1_LinkML_Schema_Classes_Slots	H359	6
INCLUDE_Portal_V1_LinkML_Schema_Classes_Slots	H360	6
INCLUDE_Portal_V1_LinkML_Schema_Classes_Slots	H361	6
INCLUDE_Portal_V1_LinkML_Schema_Classes_Slots	H362	6
INCLUDE_Portal_V1_LinkML_Schema_Classes_Slots	H363	6
INCLUDE_Portal_V1_LinkML_Schema_Classes_Slots	H364	6
INCLUDE_Portal_V1_LinkML_Schema_Classes_Slots	H365	6
INCLUDE_Portal_V1_LinkML_Schema_Classes_Slots	H366	6
INCLUDE_Portal_V1_LinkML_Schema_Classes_Slots	H367	6
INCLUDE_Portal_V1_LinkML_Schema_Classes_Slots	H368	6
INCLUDE_Portal_V1_LinkML_Schema_Classes_Slots	H369	6
INCLUDE_Portal_V1_LinkML_Schema_Classes_Slots	H370	6
INCLUDE_Portal_V1_LinkML_Schema_Classes_Slots	H371	6
INCLUDE_Portal_V1_LinkML_Schema_Classes_Slots	H372	6
INCLUDE_Portal_V1_LinkML_Schema_Classes_Slots	H373	6
INCLUDE_Portal_V1_LinkML_Schema_Classes_Slots	H374	6
INCLUDE_Portal_V1_LinkML_Schema_Classes_Slots	H375	6
INCLUDE_Portal_V1_LinkML_Schema_Classes_Slots	H376	6
INCLUDE_Portal_V1_LinkML_Schema_Classes_Slots	H377	6
INCLUDE_Portal_V1_LinkML_Schema_Classes_Slots	H378	6
INCLUDE_Portal_V1_LinkML_Schema_Classes_Slots	H379	6
INCLUDE_Portal_V1_LinkML_Schema_Classes_Slots	H380	6
INCLUDE_Portal_V1_LinkML_Schema_Classes_Slots	H381	6
INCLUDE_Portal_V1_LinkML_Schema_Classes_Slots	H382	6
INCLUDE_Portal_V1_LinkML_Schema_Classes_Slots	H383	6
INCLUDE_Portal_V1_LinkML_Schema_Classes_Slots	H384	6
INCLUDE_Portal_V1_LinkML_Schema_Classes_Slots	H385	6
INCLUDE_Portal_V1_LinkML_Schema_Classes_Slots	H386	6
INCLUDE_Portal_V1_LinkML_Schema_Classes_Slots	H387	6
INCLUDE_Portal_V1_LinkML_Schema_Classes_Slots	H388	6
INCLUDE_Portal_V1_LinkML_Schema_Classes_Slots	H389	6
INCLUDE_Portal_V1_LinkML_Schema_Classes_Slots	H390	6
INCLUDE_Portal_V1_LinkML_Schema_Classes_Slots	H391	6
INCLUDE_Portal_V1_LinkML_Schema_Classes_Slots	H392	6
INCLUDE_Portal_V1_LinkML_Schema_Classes_Slots	H393	6
INCLUDE_Portal_V1_LinkML_Schema_Classes_Slots	H394	6
INCLUDE_Portal_V1_LinkML_Schema_Classes_Slots	H395	6
INCLUDE_Portal_V1_LinkML_Schema_Classes_Slots	H396	6
INCLUDE_Portal_V1_LinkML_Schema_Classes_Slots	H397	6
INCLUDE_Portal_V1_LinkML_Schema_Classes_Slots	H398	6
INCLUDE_Portal_V1_LinkML_Schema_Classes_Slots	H399	6
INCLUDE_Portal_V1_LinkML_Schema_Classes_Slots	H400	6
INCLUDE_Portal_V1_LinkML_Schema_Classes_Slots	H401	6
INCLUDE_Portal_V1_LinkML_Schema_Classes_Slots	H402	6
INCLUDE_Portal_V1_LinkML_Schema_Classes_Slots	H403	6
INCLUDE_Portal_V1_LinkML_Schema_Classes_Slots	H404	6
INCLUDE_Portal_V1_LinkML_Schema_Classes_Slots	H405	6
INCLUDE_Portal_V1_LinkML_Schema_Classes_Slots	H406	6
INCLUDE_Portal_V1_LinkML_Schema_Classes_Slots	H407	6
INCLUDE_Portal_V1_LinkML_Schema_Classes_Slots	H408	6
INCLUDE_Portal_V1_LinkML_Schema_Classes_Slots	H409	6
INCLUDE_Portal_V1_LinkML_Schema_Classes_Slots	H410	6
INCLUDE_Portal_V1_LinkML_Schema_Classes_Slots	H411	6
INCLUDE_Portal_V1_LinkML_Schema_Classes_Slots	H412	6
INCLUDE_Portal_V1_LinkML_Schema_Classes_Slots	H413	6
INCLUDE_Portal_V1_LinkML_Schema_Classes_Slots	H414	6
INCLUDE_Portal_V1_LinkML_Schema_Classes_Slots	H415	6
INCLUDE_Portal_V1_LinkML_Schema_Classes_Slots	H416	6
INCLUDE_Portal_V1_LinkML_Schema_Classes_Slots	H417	6
INCLUDE_Portal_V1_LinkML_Schema_Classes_Slots	H418	6
INCLUDE_Portal_V1_LinkML_Schema_Classes_Slots	H419	6
INCLUDE_Portal_V1_LinkML_Schema_Classes_Slots	H420	6
INCLUDE_Portal_V1_LinkML_Schema_Classes_Slots	H421	6
INCLUDE_Portal_V1_LinkML_Schema_Classes_Slots	H422	6
INCLUDE_Portal_V1_LinkML_Schema_Classes_Slots	H423	6
INCLUDE_Portal_V1_LinkML_Schema_Classes_Slots	H424	6
INCLUDE_Portal_V1_LinkML_Schema_Classes_Slots	H425	6
INCLUDE_Portal_V1_LinkML_Schema_Classes_Slots	H426	6
INCLUDE_Portal_V1_LinkML_Schema_Classes_Slots	H427	6
INCLUDE_Portal_V1_LinkML_Schema_Classes_Slots	H428	6
INCLUDE_Portal_V1_LinkML_Schema_Classes_Slots	H429	6
INCLUDE_Portal_V1_LinkML_Schema_Classes_Slots	H430	6
INCLUDE_Portal_V1_LinkML_Schema_Classes_Slots	H431	6
INCLUDE_Portal_V1_LinkML_Schema_Classes_Slots	H432	6
INCLUDE_Portal_V1_LinkML_Schema_Classes_Slots	H433	6
INCLUDE_Portal_V1_LinkML_Schema_Classes_Slots	H434	6
INCLUDE_Portal_V1_LinkML_Schema_Classes_Slots	H435	6
INCLUDE_Portal_V1_LinkML_Schema_Classes_Slots	H436	6
INCLUDE_Portal_V1_LinkML_Schema_Classes_Slots	H437	6
INCLUDE_Portal_V1_LinkML_Schema_Classes_Slots	H438	6
INCLUDE_Portal_V1_LinkML_Schema_Classes_Slots	H439	6
INCLUDE_Portal_V1_LinkML_Schema_Classes_Slots	H440	6
INCLUDE_Portal_V1_LinkML_Schema_Classes_Slots	H441	6
INCLUDE_Portal_V1_LinkML_Schema_Classes_Slots	H442	6
INCLUDE_Portal_V1_LinkML_Schema_Classes_Slots	H443	6
INCLUDE_Portal_V1_LinkML_Schema_Classes_Slots	H444	6
INCLUDE_Portal_V1_LinkML_Schema_Classes_Slots	H445	6
INCLUDE_Portal_V1_LinkML_Schema_Classes_Slots	H446	6
INCLUDE_Portal_V1_LinkML_Schema_Classes_Slots	H447	6
INCLUDE_Portal_V1_LinkML_Schema_Classes_Slots	H448	6
INCLUDE_Portal_V1_LinkML_Schema_Classes_Slots	H449	6
INCLUDE_Portal_V1_LinkML_Schema_Classes_Slots	H450	6
INCLUDE_Portal_V1_LinkML_Schema_Classes_Slots	H451	6
INCLUDE_Portal_V1_LinkML_Schema_Classes_Slots	H452	6
INCLUDE_Portal_V1_LinkML_Schema_Classes_Slots	H453	6
INCLUDE_Portal_V1_LinkML_Schema_Classes_Slots	H454	6
INCLUDE_Portal_V1_LinkML_Schema_Classes_Slots	H455	6
INCLUDE_Portal_V1_LinkML_Schema_Classes_Slots	H456	6
INCLUDE_Portal_V1_LinkML_Schema_Classes_Slots	H457	6
INCLUDE_Portal_V1_LinkML_Schema_Classes_Slots	H458	6
INCLUDE_Portal_V1_LinkML_Schema_Classes_Slots	H459	6
INCLUDE_Portal_V1_LinkML_Schema_Classes_Slots	H460	6
INCLUDE_Portal_V1_LinkML_Schema_Classes_Slots	H461	6
INCLUDE_Portal_V1_LinkML_Schema_Classes_Slots	H462	6
INCLUDE_Portal_V1_LinkML_Schema_Classes_Slots	H463	6
INCLUDE_Portal_V1_LinkML_Schema_Classes_Slots	H464	6
INCLUDE_Portal_V1_LinkML_Schema_Classes_Slots	H465	6
INCLUDE_Portal_V1_LinkML_Schema_Classes_Slots	H466	6
INCLUDE_Portal_V1_LinkML_Schema_Classes_Slots	H467	6
INCLUDE_Portal_V1_LinkML_Schema_Classes_Slots	H468	6
INCLUDE_Portal_V1_LinkML_Schema_Classes_Slots	H469	6
INCLUDE_Portal_V1_LinkML_Schema_Classes_Slots	H470	6
INCLUDE_Portal_V1_LinkML_Schema_Classes_Slots	H471	6
INCLUDE_Portal_V1_LinkML_Schema_Classes_Slots	H472	6
INCLUDE_Portal_V1_LinkML_Schema_Classes_Slots	H473	6
INCLUDE_Portal_V1_LinkML_Schema_Classes_Slots	H474	6
INCLUDE_Portal_V1_LinkML_Schema_Classes_Slots	H475	6
INCLUDE_Portal_V1_LinkML_Schema_Classes_Slots	H476	6
INCLUDE_Portal_V1_LinkML_Schema_Classes_Slots	H477	6
INCLUDE_Portal_V1_LinkML_Schema_Classes_Slots	H478	6
INCLUDE_Portal_V1_LinkML_Schema_Classes_Slots	H479	6
INCLUDE_Portal_V1_LinkML_Schema_Classes_Slots	H480	6
INCLUDE_Portal_V1_LinkML_Schema_Classes_Slots	H481	6
INCLUDE_Portal_V1_LinkML_Schema_Classes_Slots	H482	6
INCLUDE_Portal_V1_LinkML_Schema_Classes_Slots	H483	6
INCLUDE_Portal_V1_LinkML_Schema_Classes_Slots	H484	6
INCLUDE_Portal_V1_LinkML_Schema_Classes_Slots	H485	6
INCLUDE_Portal_V1_LinkML_Schema_Classes_Slots	H486	6
INCLUDE_Portal_V1_LinkML_Schema_Classes_Slots	H487	6
INCLUDE_Portal_V1_LinkML_Schema_Classes_Slots	H488	6
INCLUDE_Portal_V1_LinkML_Schema_Classes_Slots	H489	6
INCLUDE_Portal_V1_LinkML_Schema_Classes_Slots	H490	6
INCLUDE_Portal_V1_LinkML_Schema_Classes_Slots	H491	6
INCLUDE_Portal_V1_LinkML_Schema_Classes_Slots	H492	6
INCLUDE_Portal_V1_LinkML_Schema_Classes_Slots	H493	6
INCLUDE_Portal_V1_LinkML_Schema_Classes_Slots	H494	6
INCLUDE_Portal_V1_LinkML_Schema_Classes_Slots	H495	6
INCLUDE_Portal_V1_LinkML_Schema_Classes_Slots	H496	6
INCLUDE_Portal_V1_LinkML_Schema_Classes_Slots	H497	6
INCLUDE_Portal_V1_LinkML_Schema_Classes_Slots	H498	6
INCLUDE_Portal_V1_LinkML_Schema_Classes_Slots	H499	6
INCLUDE_Portal_V1_LinkML_Schema_Classes_Slots	H500	6
